{
  "features_parquet": "/Users/tim/pythonwork/jiangsu_prj/feature_table/features.parquet",
  "model_path": "/Users/tim/pythonwork/jiangsu_prj/models/baseline_lgbm.joblib",
  "rows": 20,
  "train_rows": 14,
  "val_rows": 3,
  "test_rows": 3,
  "val": {
    "mae": 3754.2671130952403,
    "rmse": 3754.361273084712,
    "mape": 0.15901733569306406
  },
  "test": {
    "mae": 3815.308779761906,
    "rmse": 3831.5934168886406,
    "mape": 0.16100067374124222
  },
  "feature_count": 113
}